{"cameraMode":{"drawMode":0,"name":"Shaded","section":"Shading Mode"},"sceneLighting":true,"audioPlay":false,"sceneViewState":{"m_AlwaysRefresh":false,"showFog":true,"showSkybox":true,"showFlares":true,"showImageEffects":true,"showParticleSystems":true,"showVisualEffectGraphs":true,"m_FxEnabled":true},"in2DMode":false,"pivot":{"x":-229.71917724609376,"y":-1.5750770568847657,"z":595.6458129882813},"rotation":{"x":-0.1287933588027954,"y":0.24135920405387879,"z":0.032348133623600009,"w":0.9612794518470764},"size":98.63517761230469,"orthographic":false}